{"insightID":"f70d20fc-a982-4ccf-82eb-048b47d7ef18","pixelReturn":[{"pixelExpression":"CachedPanel ( \"0\" ) ;","isMeta":false,"output":{"panelId":"0","view":"form-builder","viewOptions":"{\"json\":{\"html\":\"<div smss-form-model=\\\"Name:\\\" class=\\\"smss-text\\\">{{item.model}}</div>\\n<smss-input ng-model=\\\"form.dataModel.Participant_Name.selected\\\"></smss-input>\\n<div smss-form-model=\\\"Date:\\\" class=\\\"smss-text\\\">{{item.model}}</div>\\n<smss-date-picker model=\\\"form.dataModel.Date.selected\\\" format=\\\"YYYY-MM-DD\\\"></smss-date-picker>\\n<div smss-form-model=\\\"Steps:\\\" class=\\\"smss-text\\\">{{item.model}}</div>\\n<smss-input type=\\\"number\\\" ng-model=\\\"form.dataModel.Steps.selected\\\"></smss-input>\\n<div smss-form-model=\\\"Minutes Exercised:\\\" class=\\\"smss-text\\\">{{item.model}}</div>\\n<smss-input type=\\\"number\\\" ng-model=\\\"form.dataModel.Minutes_Exercised.selected\\\"></smss-input>\\n<div smss-form-model=\\\"Water Consumed:\\\" class=\\\"smss-text\\\">{{item.model}}</div>\\n<smss-input type=\\\"number\\\" ng-model=\\\"form.dataModel.Water_Consumed_Oz.selected\\\"></smss-input>\\n<div smss-form-model=\\\"Optional Description:\\\" class=\\\"smss-text\\\">{{item.model}}</div>\\n<smss-textarea ng-model=\\\"form.dataModel.Exercise_Description.selected\\\"></smss-textarea>\\n<smss-input type=\\\"number\\\" ng-model=\\\"form.dataModel.WELLNESS_UNIQUE_ROW_ID.selected\\\"></smss-input>\\n<div smss-form-model=\\\"Submit\\\" class=\\\"form-builder__submit\\\"><smss-btn class=\\\"smss-btn--primary\\\" ng-click=\\\"form.runPixel(form.pixelModel.Insert.pixel)\\\">{{item.model}}</smss-btn></div>\\n\",\"js\":[],\"css\":[],\"pixel\":{\"Insert\":{\"name\":\"Insert\",\"pixel\":\"Database(database=[\\\"95a1993a-00a7-475e-aa30-8a7b662c12a5\\\"]) | Insert(into=[WELLNESS__Participant_Name, WELLNESS__Date, WELLNESS__Steps, WELLNESS__Minutes_Exercised, WELLNESS__Water_Consumed_Oz, WELLNESS__Exercise_Description, WELLNESS__WELLNESS_UNIQUE_ROW_ID], values=[(<Participant_Name>), (<Date>), (<Steps>), (<Minutes_Exercised>), (<Water_Consumed_Oz>), (<Exercise_Description>), (<WELLNESS_UNIQUE_ROW_ID>)]);\"}},\"data\":{\"Exercise_Description\":{\"name\":\"Exercise_Description\",\"options\":[],\"pixel\":\"Database( database=[\\\"95a1993a-00a7-475e-aa30-8a7b662c12a5\\\"] )|Select(WELLNESS__Exercise_Description).as([Exercise_Description])|Collect(-1);\",\"defaultValue\":\"\",\"config\":{\"table\":\"WELLNESS\",\"app\":{\"value\":\"95a1993a-00a7-475e-aa30-8a7b662c12a5\"}},\"dependsOn\":[],\"required\":true,\"autoPopulate\":false,\"useFullList\":true},\"Participant_Name\":{\"name\":\"Participant_Name\",\"options\":[],\"pixel\":\"Database( database=[\\\"95a1993a-00a7-475e-aa30-8a7b662c12a5\\\"] )|Select(WELLNESS__Participant_Name).as([Participant_Name])|Collect(-1);\",\"defaultValue\":\"\",\"config\":{\"table\":\"WELLNESS\",\"app\":{\"value\":\"95a1993a-00a7-475e-aa30-8a7b662c12a5\"}},\"dependsOn\":[],\"required\":true,\"autoPopulate\":false,\"useFullList\":true},\"Minutes_Exercised\":{\"name\":\"Minutes_Exercised\",\"options\":[],\"pixel\":\"Database( database=[\\\"95a1993a-00a7-475e-aa30-8a7b662c12a5\\\"] )|Select(WELLNESS__Minutes_Exercised).as([Minutes_Exercised])|Collect(-1);\",\"defaultValue\":\"\",\"config\":{\"table\":\"WELLNESS\",\"app\":{\"value\":\"95a1993a-00a7-475e-aa30-8a7b662c12a5\"}},\"dependsOn\":[],\"required\":true,\"autoPopulate\":false,\"useFullList\":true},\"Steps\":{\"name\":\"Steps\",\"options\":[],\"pixel\":\"Database( database=[\\\"95a1993a-00a7-475e-aa30-8a7b662c12a5\\\"] )|Select(WELLNESS__Steps).as([Steps])|Collect(-1);\",\"defaultValue\":\"\",\"config\":{\"table\":\"WELLNESS\",\"app\":{\"value\":\"95a1993a-00a7-475e-aa30-8a7b662c12a5\"}},\"dependsOn\":[],\"required\":true,\"autoPopulate\":false,\"useFullList\":true},\"WELLNESS_UNIQUE_ROW_ID\":{\"name\":\"WELLNESS_UNIQUE_ROW_ID\",\"options\":[],\"pixel\":\"\",\"defaultValue\":\"\",\"config\":{\"table\":\"WELLNESS\",\"app\":{\"value\":\"95a1993a-00a7-475e-aa30-8a7b662c12a5\"}},\"dependsOn\":[],\"required\":true,\"autoPopulate\":true,\"manualOptions\":\"\",\"useFullList\":false},\"Water_Consumed_Oz\":{\"name\":\"Water_Consumed_Oz\",\"options\":[],\"pixel\":\"Database( database=[\\\"95a1993a-00a7-475e-aa30-8a7b662c12a5\\\"] )|Select(WELLNESS__Water_Consumed_Oz).as([Water_Consumed_Oz])|Collect(-1);\",\"defaultValue\":\"\",\"config\":{\"table\":\"WELLNESS\",\"app\":{\"value\":\"95a1993a-00a7-475e-aa30-8a7b662c12a5\"}},\"dependsOn\":[],\"required\":true,\"autoPopulate\":false,\"useFullList\":true},\"Date\":{\"name\":\"Date\",\"options\":[],\"pixel\":\"Database( database=[\\\"95a1993a-00a7-475e-aa30-8a7b662c12a5\\\"] )|Select(WELLNESS__Date).as([Date])|Collect(-1);\",\"defaultValue\":\"\",\"config\":{\"table\":\"WELLNESS\",\"app\":{\"value\":\"95a1993a-00a7-475e-aa30-8a7b662c12a5\"}},\"dependsOn\":[],\"required\":true,\"autoPopulate\":false,\"useFullList\":true}},\"config\":{\"background\":{\"background-image\":\"\",\"background-size\":\"\",\"background-position\":\"\",\"background-color\":\"\",\"background-repeat\":\"\"}},\"id\":\"79553\"}}","viewOptionsMap":{"form-builder":{"json":{"html":"<div smss-form-model=\"Name:\" class=\"smss-text\">{{item.model}}</div>\n<smss-input ng-model=\"form.dataModel.Participant_Name.selected\"></smss-input>\n<div smss-form-model=\"Date:\" class=\"smss-text\">{{item.model}}</div>\n<smss-date-picker model=\"form.dataModel.Date.selected\" format=\"YYYY-MM-DD\"></smss-date-picker>\n<div smss-form-model=\"Steps:\" class=\"smss-text\">{{item.model}}</div>\n<smss-input type=\"number\" ng-model=\"form.dataModel.Steps.selected\"></smss-input>\n<div smss-form-model=\"Minutes Exercised:\" class=\"smss-text\">{{item.model}}</div>\n<smss-input type=\"number\" ng-model=\"form.dataModel.Minutes_Exercised.selected\"></smss-input>\n<div smss-form-model=\"Water Consumed:\" class=\"smss-text\">{{item.model}}</div>\n<smss-input type=\"number\" ng-model=\"form.dataModel.Water_Consumed_Oz.selected\"></smss-input>\n<div smss-form-model=\"Optional Description:\" class=\"smss-text\">{{item.model}}</div>\n<smss-textarea ng-model=\"form.dataModel.Exercise_Description.selected\"></smss-textarea>\n<smss-input type=\"number\" ng-model=\"form.dataModel.WELLNESS_UNIQUE_ROW_ID.selected\"></smss-input>\n<div smss-form-model=\"Submit\" class=\"form-builder__submit\"><smss-btn class=\"smss-btn--primary\" ng-click=\"form.runPixel(form.pixelModel.Insert.pixel)\">{{item.model}}</smss-btn></div>\n","js":[],"css":[],"pixel":{"Insert":{"name":"Insert","pixel":"Database(database=[\"95a1993a-00a7-475e-aa30-8a7b662c12a5\"]) | Insert(into=[WELLNESS__Participant_Name, WELLNESS__Date, WELLNESS__Steps, WELLNESS__Minutes_Exercised, WELLNESS__Water_Consumed_Oz, WELLNESS__Exercise_Description, WELLNESS__WELLNESS_UNIQUE_ROW_ID], values=[(<Participant_Name>), (<Date>), (<Steps>), (<Minutes_Exercised>), (<Water_Consumed_Oz>), (<Exercise_Description>), (<WELLNESS_UNIQUE_ROW_ID>)]);"}},"data":{"Exercise_Description":{"name":"Exercise_Description","options":[],"pixel":"Database( database=[\"95a1993a-00a7-475e-aa30-8a7b662c12a5\"] )|Select(WELLNESS__Exercise_Description).as([Exercise_Description])|Collect(-1);","defaultValue":"","config":{"table":"WELLNESS","app":{"value":"95a1993a-00a7-475e-aa30-8a7b662c12a5"}},"dependsOn":[],"required":true,"autoPopulate":false,"useFullList":true},"Participant_Name":{"name":"Participant_Name","options":[],"pixel":"Database( database=[\"95a1993a-00a7-475e-aa30-8a7b662c12a5\"] )|Select(WELLNESS__Participant_Name).as([Participant_Name])|Collect(-1);","defaultValue":"","config":{"table":"WELLNESS","app":{"value":"95a1993a-00a7-475e-aa30-8a7b662c12a5"}},"dependsOn":[],"required":true,"autoPopulate":false,"useFullList":true},"Minutes_Exercised":{"name":"Minutes_Exercised","options":[],"pixel":"Database( database=[\"95a1993a-00a7-475e-aa30-8a7b662c12a5\"] )|Select(WELLNESS__Minutes_Exercised).as([Minutes_Exercised])|Collect(-1);","defaultValue":"","config":{"table":"WELLNESS","app":{"value":"95a1993a-00a7-475e-aa30-8a7b662c12a5"}},"dependsOn":[],"required":true,"autoPopulate":false,"useFullList":true},"Steps":{"name":"Steps","options":[],"pixel":"Database( database=[\"95a1993a-00a7-475e-aa30-8a7b662c12a5\"] )|Select(WELLNESS__Steps).as([Steps])|Collect(-1);","defaultValue":"","config":{"table":"WELLNESS","app":{"value":"95a1993a-00a7-475e-aa30-8a7b662c12a5"}},"dependsOn":[],"required":true,"autoPopulate":false,"useFullList":true},"WELLNESS_UNIQUE_ROW_ID":{"name":"WELLNESS_UNIQUE_ROW_ID","options":[],"pixel":"","defaultValue":"","config":{"table":"WELLNESS","app":{"value":"95a1993a-00a7-475e-aa30-8a7b662c12a5"}},"dependsOn":[],"required":true,"autoPopulate":true,"manualOptions":"","useFullList":false},"Water_Consumed_Oz":{"name":"Water_Consumed_Oz","options":[],"pixel":"Database( database=[\"95a1993a-00a7-475e-aa30-8a7b662c12a5\"] )|Select(WELLNESS__Water_Consumed_Oz).as([Water_Consumed_Oz])|Collect(-1);","defaultValue":"","config":{"table":"WELLNESS","app":{"value":"95a1993a-00a7-475e-aa30-8a7b662c12a5"}},"dependsOn":[],"required":true,"autoPopulate":false,"useFullList":true},"Date":{"name":"Date","options":[],"pixel":"Database( database=[\"95a1993a-00a7-475e-aa30-8a7b662c12a5\"] )|Select(WELLNESS__Date).as([Date])|Collect(-1);","defaultValue":"","config":{"table":"WELLNESS","app":{"value":"95a1993a-00a7-475e-aa30-8a7b662c12a5"}},"dependsOn":[],"required":true,"autoPopulate":false,"useFullList":true}},"config":{"background":{"background-image":"","background-size":"","background-position":"","background-color":"","background-repeat":""}},"id":"79553"}}},"config":{},"ornaments":{},"events":{},"comments":{},"position":{},"filters":[],"order":[],"cbv":[]},"operationType":["CACHED_PANEL"]}]}