{"engineId":"95a1993a-00a7-475e-aa30-8a7b662c12a5","engineName":"Wellness 2020","rdbmsId":"4fd43707-d19b-4e70-8b95-5f560f62fddb","varstore":{},"frames":[],"panels":[{"panelId":"0","panelLabel":null,"view":"form-builder","viewOptions":"{\"json\":{\"html\":\"<style>\\n/* ::: Blue ::: */\\nh3 {\\n    background-color: #3498db;\\n    color: #ffffff;\\n    text-align: center;\\n}\\nul {\\n    height: calc(100% - 100px);\\n    background: #ffffff;\\n    margin: 50px 100px;\\n}\\n#form-content-457594 {\\n    background-color: #253545;\\n}\\n.smss-btn--primary {\\n    background: #3498db;\\n    color: #ffffff;\\n    width: 100%;\\n}\\n.form-builder__submit {\\n    text-align: center;\\n}\\n.smss-text {\\n    color: #000000;\\n    font-weight: bold;\\n    overflow: inherit;\\n}\\n</style>\\n<h3 smss-form-model=\\\"SEMOSS Wellness Initiative 2020\\\">{{item.model}}</h3>\\n<div smss-form-model=\\\"Use this form to log your daily steps, water intake, and exercise minutes!\\\" class=\\\"smss-text\\\" style=\\\"white-space: normal; font-weight: bold;\\\">{{item.model}}</div>\\n<hr>\\n<div smss-form-model=\\\"Name:\\\" class=\\\"smss-text\\\" style=\\\"text-align: center; width: 10%; display: inline-block;\\\">{{item.model}}</div>\\n<smss-input ng-model=\\\"form.dataModel.Participant_Name.selected\\\" style=\\\"display: inline-block; width: 40%; border-bottom-style: dotted;\\\"></smss-input>\\n<div smss-form-model=\\\"Date:\\\" class=\\\"smss-text\\\" style=\\\"text-align: center; width: 10%; display: inline-block;\\\">{{item.model}}</div>\\n<smss-date-picker model=\\\"form.dataModel.Date.selected\\\" format=\\\"YYYY-MM-DD\\\" style=\\\"width: 40%; display: inline-block; border-bottom-style: dotted;\\\"></smss-date-picker>\\n<hr>\\n<div smss-form-model=\\\"Steps:\\\" class=\\\"smss-text\\\" style=\\\"text-align: center; width: 33%; display: inline-block;\\\">{{item.model}}</div>\\n<div smss-form-model=\\\"Minutes Exercised:\\\" class=\\\"smss-text\\\" style=\\\"text-align: center; width: 34%; display: inline-block;\\\">{{item.model}}</div>\\n<div smss-form-model=\\\"Water Consumed (in ounces):\\\" class=\\\"smss-text\\\" style=\\\"text-align: center; width: 33%; display: inline-block;\\\">{{item.model}}</div>\\n<smss-input type=\\\"number\\\" ng-model=\\\"form.dataModel.Steps.selected\\\" style=\\\"width: 33%; display: inline-block; border-style: outset;\\\"></smss-input>\\n<smss-input type=\\\"number\\\" ng-model=\\\"form.dataModel.Minutes_Exercised.selected\\\" style=\\\"width: 34%; display: inline-block; border-style: outset;\\\"></smss-input>\\n<smss-input type=\\\"number\\\" ng-model=\\\"form.dataModel.Water_Consumed_Oz.selected\\\" style=\\\"width: 33%; display: inline-block; border-style: outset;\\\"></smss-input>\\n<hr>\\n<div smss-form-model=\\\"Exercise Description (optional):\\\" class=\\\"smss-text\\\" style=\\\"text-align: center; width: 25%; display: inline-block;\\\">{{item.model}}</div>\\n<smss-textarea ng-model=\\\"form.dataModel.Exercise_Description.selected\\\" placeholder=\\\"Use this space to document any further details about workouts or other fitness goals.\\\" style=\\\"width: 75%; display: inline-block;\\\"></smss-textarea>\\n<hr>\\n<smss-input type=\\\"number\\\" ng-model=\\\"form.dataModel.WELLNESS_UNIQUE_ROW_ID.selected\\\" style=\\\"display: none;\\\"></smss-input>\\n<div smss-form-model=\\\"Submit\\\" class=\\\"form-builder__submit\\\"><smss-btn class=\\\"smss-btn--primary\\\" ng-click=\\\"form.runPixel(form.pixelModel.Insert.pixel)\\\">{{item.model}}</smss-btn></div>\\n\",\"js\":[],\"css\":[],\"pixel\":{\"Insert\":{\"name\":\"Insert\",\"pixel\":\"Database(database=[\\\"95a1993a-00a7-475e-aa30-8a7b662c12a5\\\"]) | Insert(into=[WELLNESS__Participant_Name, WELLNESS__Date, WELLNESS__Steps, WELLNESS__Minutes_Exercised, WELLNESS__Water_Consumed_Oz, WELLNESS__Exercise_Description, WELLNESS__WELLNESS_UNIQUE_ROW_ID], values=[(<Participant_Name>), (<Date>), (<Steps>), (<Minutes_Exercised>), (<Water_Consumed_Oz>), (<Exercise_Description>), (<WELLNESS_UNIQUE_ROW_ID>)]);\"}},\"data\":{\"Exercise_Description\":{\"name\":\"Exercise_Description\",\"options\":[],\"pixel\":\"Database( database=[\\\"95a1993a-00a7-475e-aa30-8a7b662c12a5\\\"] )|Select(WELLNESS__Exercise_Description).as([Exercise_Description])|Collect(-1);\",\"defaultValue\":\"\",\"config\":{\"table\":\"WELLNESS\",\"app\":{\"value\":\"95a1993a-00a7-475e-aa30-8a7b662c12a5\"}},\"dependsOn\":[],\"required\":false,\"autoPopulate\":false,\"useFullList\":true},\"Participant_Name\":{\"name\":\"Participant_Name\",\"options\":[],\"pixel\":\"Database( database=[\\\"95a1993a-00a7-475e-aa30-8a7b662c12a5\\\"] )|Select(WELLNESS__Participant_Name).as([Participant_Name])|Collect(-1);\",\"defaultValue\":\"\",\"config\":{\"table\":\"WELLNESS\",\"app\":{\"value\":\"95a1993a-00a7-475e-aa30-8a7b662c12a5\"}},\"dependsOn\":[],\"required\":true,\"autoPopulate\":false,\"useFullList\":true},\"Minutes_Exercised\":{\"name\":\"Minutes_Exercised\",\"options\":[],\"pixel\":\"Database( database=[\\\"95a1993a-00a7-475e-aa30-8a7b662c12a5\\\"] )|Select(WELLNESS__Minutes_Exercised).as([Minutes_Exercised])|Collect(-1);\",\"defaultValue\":\"\",\"config\":{\"table\":\"WELLNESS\",\"app\":{\"value\":\"95a1993a-00a7-475e-aa30-8a7b662c12a5\"}},\"dependsOn\":[],\"required\":true,\"autoPopulate\":false,\"useFullList\":true},\"Steps\":{\"name\":\"Steps\",\"options\":[],\"pixel\":\"Database( database=[\\\"95a1993a-00a7-475e-aa30-8a7b662c12a5\\\"] )|Select(WELLNESS__Steps).as([Steps])|Collect(-1);\",\"defaultValue\":\"\",\"config\":{\"table\":\"WELLNESS\",\"app\":{\"value\":\"95a1993a-00a7-475e-aa30-8a7b662c12a5\"}},\"dependsOn\":[],\"required\":true,\"autoPopulate\":false,\"useFullList\":true},\"WELLNESS_UNIQUE_ROW_ID\":{\"name\":\"WELLNESS_UNIQUE_ROW_ID\",\"options\":[],\"pixel\":\"Database( database=[\\\"95a1993a-00a7-475e-aa30-8a7b662c12a5\\\"] )|Select(WELLNESS__WELLNESS_UNIQUE_ROW_ID).as([WELLNESS_UNIQUE_ROW_ID])|Collect(-1);\",\"defaultValue\":\"\",\"config\":{\"table\":\"WELLNESS\",\"app\":{\"value\":\"95a1993a-00a7-475e-aa30-8a7b662c12a5\"}},\"dependsOn\":[],\"required\":true,\"autoPopulate\":false,\"useFullList\":true},\"Water_Consumed_Oz\":{\"name\":\"Water_Consumed_Oz\",\"options\":[],\"pixel\":\"Database( database=[\\\"95a1993a-00a7-475e-aa30-8a7b662c12a5\\\"] )|Select(WELLNESS__Water_Consumed_Oz).as([Water_Consumed_Oz])|Collect(-1);\",\"defaultValue\":\"\",\"config\":{\"table\":\"WELLNESS\",\"app\":{\"value\":\"95a1993a-00a7-475e-aa30-8a7b662c12a5\"}},\"dependsOn\":[],\"required\":true,\"autoPopulate\":false,\"useFullList\":true},\"Date\":{\"name\":\"Date\",\"options\":[],\"pixel\":\"Database( database=[\\\"95a1993a-00a7-475e-aa30-8a7b662c12a5\\\"] )|Select(WELLNESS__Date).as([Date])|Collect(-1);\",\"defaultValue\":\"\",\"config\":{\"table\":\"WELLNESS\",\"app\":{\"value\":\"95a1993a-00a7-475e-aa30-8a7b662c12a5\"}},\"dependsOn\":[],\"required\":true,\"autoPopulate\":false,\"useFullList\":true}},\"config\":{\"background\":{\"background-image\":\"\",\"background-size\":\"\",\"background-position\":\"\",\"background-color\":\"\",\"background-repeat\":\"\"}},\"id\":\"457594\"}}","viewOptionsMap":{"form-builder":{"json":{"html":"<style>\n/* ::: Blue ::: */\nh3 {\n    background-color: #3498db;\n    color: #ffffff;\n    text-align: center;\n}\nul {\n    height: calc(100% - 100px);\n    background: #ffffff;\n    margin: 50px 100px;\n}\n#form-content-457594 {\n    background-color: #253545;\n}\n.smss-btn--primary {\n    background: #3498db;\n    color: #ffffff;\n    width: 100%;\n}\n.form-builder__submit {\n    text-align: center;\n}\n.smss-text {\n    color: #000000;\n    font-weight: bold;\n    overflow: inherit;\n}\n</style>\n<h3 smss-form-model=\"SEMOSS Wellness Initiative 2020\">{{item.model}}</h3>\n<div smss-form-model=\"Use this form to log your daily steps, water intake, and exercise minutes!\" class=\"smss-text\" style=\"white-space: normal; font-weight: bold;\">{{item.model}}</div>\n<hr>\n<div smss-form-model=\"Name:\" class=\"smss-text\" style=\"text-align: center; width: 10%; display: inline-block;\">{{item.model}}</div>\n<smss-input ng-model=\"form.dataModel.Participant_Name.selected\" style=\"display: inline-block; width: 40%; border-bottom-style: dotted;\"></smss-input>\n<div smss-form-model=\"Date:\" class=\"smss-text\" style=\"text-align: center; width: 10%; display: inline-block;\">{{item.model}}</div>\n<smss-date-picker model=\"form.dataModel.Date.selected\" format=\"YYYY-MM-DD\" style=\"width: 40%; display: inline-block; border-bottom-style: dotted;\"></smss-date-picker>\n<hr>\n<div smss-form-model=\"Steps:\" class=\"smss-text\" style=\"text-align: center; width: 33%; display: inline-block;\">{{item.model}}</div>\n<div smss-form-model=\"Minutes Exercised:\" class=\"smss-text\" style=\"text-align: center; width: 34%; display: inline-block;\">{{item.model}}</div>\n<div smss-form-model=\"Water Consumed (in ounces):\" class=\"smss-text\" style=\"text-align: center; width: 33%; display: inline-block;\">{{item.model}}</div>\n<smss-input type=\"number\" ng-model=\"form.dataModel.Steps.selected\" style=\"width: 33%; display: inline-block; border-style: outset;\"></smss-input>\n<smss-input type=\"number\" ng-model=\"form.dataModel.Minutes_Exercised.selected\" style=\"width: 34%; display: inline-block; border-style: outset;\"></smss-input>\n<smss-input type=\"number\" ng-model=\"form.dataModel.Water_Consumed_Oz.selected\" style=\"width: 33%; display: inline-block; border-style: outset;\"></smss-input>\n<hr>\n<div smss-form-model=\"Exercise Description (optional):\" class=\"smss-text\" style=\"text-align: center; width: 25%; display: inline-block;\">{{item.model}}</div>\n<smss-textarea ng-model=\"form.dataModel.Exercise_Description.selected\" placeholder=\"Use this space to document any further details about workouts or other fitness goals.\" style=\"width: 75%; display: inline-block;\"></smss-textarea>\n<hr>\n<smss-input type=\"number\" ng-model=\"form.dataModel.WELLNESS_UNIQUE_ROW_ID.selected\" style=\"display: none;\"></smss-input>\n<div smss-form-model=\"Submit\" class=\"form-builder__submit\"><smss-btn class=\"smss-btn--primary\" ng-click=\"form.runPixel(form.pixelModel.Insert.pixel)\">{{item.model}}</smss-btn></div>\n","js":[],"css":[],"pixel":{"Insert":{"name":"Insert","pixel":"Database(database=[\"95a1993a-00a7-475e-aa30-8a7b662c12a5\"]) | Insert(into=[WELLNESS__Participant_Name, WELLNESS__Date, WELLNESS__Steps, WELLNESS__Minutes_Exercised, WELLNESS__Water_Consumed_Oz, WELLNESS__Exercise_Description, WELLNESS__WELLNESS_UNIQUE_ROW_ID], values=[(<Participant_Name>), (<Date>), (<Steps>), (<Minutes_Exercised>), (<Water_Consumed_Oz>), (<Exercise_Description>), (<WELLNESS_UNIQUE_ROW_ID>)]);"}},"data":{"Exercise_Description":{"name":"Exercise_Description","options":[],"pixel":"Database( database=[\"95a1993a-00a7-475e-aa30-8a7b662c12a5\"] )|Select(WELLNESS__Exercise_Description).as([Exercise_Description])|Collect(-1);","defaultValue":"","config":{"table":"WELLNESS","app":{"value":"95a1993a-00a7-475e-aa30-8a7b662c12a5"}},"dependsOn":[],"required":false,"autoPopulate":false,"useFullList":true},"Participant_Name":{"name":"Participant_Name","options":[],"pixel":"Database( database=[\"95a1993a-00a7-475e-aa30-8a7b662c12a5\"] )|Select(WELLNESS__Participant_Name).as([Participant_Name])|Collect(-1);","defaultValue":"","config":{"table":"WELLNESS","app":{"value":"95a1993a-00a7-475e-aa30-8a7b662c12a5"}},"dependsOn":[],"required":true,"autoPopulate":false,"useFullList":true},"Minutes_Exercised":{"name":"Minutes_Exercised","options":[],"pixel":"Database( database=[\"95a1993a-00a7-475e-aa30-8a7b662c12a5\"] )|Select(WELLNESS__Minutes_Exercised).as([Minutes_Exercised])|Collect(-1);","defaultValue":"","config":{"table":"WELLNESS","app":{"value":"95a1993a-00a7-475e-aa30-8a7b662c12a5"}},"dependsOn":[],"required":true,"autoPopulate":false,"useFullList":true},"Steps":{"name":"Steps","options":[],"pixel":"Database( database=[\"95a1993a-00a7-475e-aa30-8a7b662c12a5\"] )|Select(WELLNESS__Steps).as([Steps])|Collect(-1);","defaultValue":"","config":{"table":"WELLNESS","app":{"value":"95a1993a-00a7-475e-aa30-8a7b662c12a5"}},"dependsOn":[],"required":true,"autoPopulate":false,"useFullList":true},"WELLNESS_UNIQUE_ROW_ID":{"name":"WELLNESS_UNIQUE_ROW_ID","options":[],"pixel":"Database( database=[\"95a1993a-00a7-475e-aa30-8a7b662c12a5\"] )|Select(WELLNESS__WELLNESS_UNIQUE_ROW_ID).as([WELLNESS_UNIQUE_ROW_ID])|Collect(-1);","defaultValue":"","config":{"table":"WELLNESS","app":{"value":"95a1993a-00a7-475e-aa30-8a7b662c12a5"}},"dependsOn":[],"required":true,"autoPopulate":false,"useFullList":true},"Water_Consumed_Oz":{"name":"Water_Consumed_Oz","options":[],"pixel":"Database( database=[\"95a1993a-00a7-475e-aa30-8a7b662c12a5\"] )|Select(WELLNESS__Water_Consumed_Oz).as([Water_Consumed_Oz])|Collect(-1);","defaultValue":"","config":{"table":"WELLNESS","app":{"value":"95a1993a-00a7-475e-aa30-8a7b662c12a5"}},"dependsOn":[],"required":true,"autoPopulate":false,"useFullList":true},"Date":{"name":"Date","options":[],"pixel":"Database( database=[\"95a1993a-00a7-475e-aa30-8a7b662c12a5\"] )|Select(WELLNESS__Date).as([Date])|Collect(-1);","defaultValue":"","config":{"table":"WELLNESS","app":{"value":"95a1993a-00a7-475e-aa30-8a7b662c12a5"}},"dependsOn":[],"required":true,"autoPopulate":false,"useFullList":true}},"config":{"background":{"background-image":"","background-size":"","background-position":"","background-color":"","background-repeat":""}},"id":"457594"}}},"config":{},"ornaments":{},"events":{},"comments":{},"position":{},"filters":[],"order":[],"cbv":[]}],"tasks":{"tasks":[],"taskCounter":0},"recipe":["AddPanel ( 0 ) ;","Panel ( 0 ) | SetPanelView ( \"form-builder\" , \"<encode>{\"json\":{\"html\":\"<style>\\n/* ::: Blue ::: */\\nh3 {\\n    background-color: #3498db;\\n    color: #ffffff;\\n    text-align: center;\\n}\\nul {\\n    height: calc(100% - 100px);\\n    background: #ffffff;\\n    margin: 50px 100px;\\n}\\n#form-content-457594 {\\n    background-color: #253545;\\n}\\n.smss-btn--primary {\\n    background: #3498db;\\n    color: #ffffff;\\n    width: 100%;\\n}\\n.form-builder__submit {\\n    text-align: center;\\n}\\n.smss-text {\\n    color: #000000;\\n    font-weight: bold;\\n    overflow: inherit;\\n}\\n</style>\\n<h3 smss-form-model=\\\"SEMOSS Wellness Initiative 2020\\\">{{item.model}}</h3>\\n<div smss-form-model=\\\"Use this form to log your daily steps, water intake, and exercise minutes!\\\" class=\\\"smss-text\\\" style=\\\"white-space: normal; font-weight: bold;\\\">{{item.model}}</div>\\n<hr>\\n<div smss-form-model=\\\"Name:\\\" class=\\\"smss-text\\\" style=\\\"text-align: center; width: 10%; display: inline-block;\\\">{{item.model}}</div>\\n<smss-input ng-model=\\\"form.dataModel.Participant_Name.selected\\\" style=\\\"display: inline-block; width: 40%; border-bottom-style: dotted;\\\"></smss-input>\\n<div smss-form-model=\\\"Date:\\\" class=\\\"smss-text\\\" style=\\\"text-align: center; width: 10%; display: inline-block;\\\">{{item.model}}</div>\\n<smss-date-picker model=\\\"form.dataModel.Date.selected\\\" format=\\\"YYYY-MM-DD\\\" style=\\\"width: 40%; display: inline-block; border-bottom-style: dotted;\\\"></smss-date-picker>\\n<hr>\\n<div smss-form-model=\\\"Steps:\\\" class=\\\"smss-text\\\" style=\\\"text-align: center; width: 33%; display: inline-block;\\\">{{item.model}}</div>\\n<div smss-form-model=\\\"Minutes Exercised:\\\" class=\\\"smss-text\\\" style=\\\"text-align: center; width: 34%; display: inline-block;\\\">{{item.model}}</div>\\n<div smss-form-model=\\\"Water Consumed (in ounces):\\\" class=\\\"smss-text\\\" style=\\\"text-align: center; width: 33%; display: inline-block;\\\">{{item.model}}</div>\\n<smss-input type=\\\"number\\\" ng-model=\\\"form.dataModel.Steps.selected\\\" style=\\\"width: 33%; display: inline-block; border-style: outset;\\\"></smss-input>\\n<smss-input type=\\\"number\\\" ng-model=\\\"form.dataModel.Minutes_Exercised.selected\\\" style=\\\"width: 34%; display: inline-block; border-style: outset;\\\"></smss-input>\\n<smss-input type=\\\"number\\\" ng-model=\\\"form.dataModel.Water_Consumed_Oz.selected\\\" style=\\\"width: 33%; display: inline-block; border-style: outset;\\\"></smss-input>\\n<hr>\\n<div smss-form-model=\\\"Exercise Description (optional):\\\" class=\\\"smss-text\\\" style=\\\"text-align: center; width: 25%; display: inline-block;\\\">{{item.model}}</div>\\n<smss-textarea ng-model=\\\"form.dataModel.Exercise_Description.selected\\\" placeholder=\\\"Use this space to document any further details about workouts or other fitness goals.\\\" style=\\\"width: 75%; display: inline-block;\\\"></smss-textarea>\\n<hr>\\n<smss-input type=\\\"number\\\" ng-model=\\\"form.dataModel.WELLNESS_UNIQUE_ROW_ID.selected\\\" style=\\\"display: none;\\\"></smss-input>\\n<div smss-form-model=\\\"Submit\\\" class=\\\"form-builder__submit\\\"><smss-btn class=\\\"smss-btn--primary\\\" ng-click=\\\"form.runPixel(form.pixelModel.Insert.pixel)\\\">{{item.model}}</smss-btn></div>\\n\",\"js\":[],\"css\":[],\"pixel\":{\"Insert\":{\"name\":\"Insert\",\"pixel\":\"Database(database=[\\\"95a1993a-00a7-475e-aa30-8a7b662c12a5\\\"]) | Insert(into=[WELLNESS__Participant_Name, WELLNESS__Date, WELLNESS__Steps, WELLNESS__Minutes_Exercised, WELLNESS__Water_Consumed_Oz, WELLNESS__Exercise_Description, WELLNESS__WELLNESS_UNIQUE_ROW_ID], values=[(<Participant_Name>), (<Date>), (<Steps>), (<Minutes_Exercised>), (<Water_Consumed_Oz>), (<Exercise_Description>), (<WELLNESS_UNIQUE_ROW_ID>)]);\"}},\"data\":{\"Exercise_Description\":{\"name\":\"Exercise_Description\",\"options\":[],\"pixel\":\"Database( database=[\\\"95a1993a-00a7-475e-aa30-8a7b662c12a5\\\"] )|Select(WELLNESS__Exercise_Description).as([Exercise_Description])|Collect(-1);\",\"defaultValue\":\"\",\"config\":{\"table\":\"WELLNESS\",\"app\":{\"value\":\"95a1993a-00a7-475e-aa30-8a7b662c12a5\"}},\"dependsOn\":[],\"required\":false,\"autoPopulate\":false,\"useFullList\":true},\"Participant_Name\":{\"name\":\"Participant_Name\",\"options\":[],\"pixel\":\"Database( database=[\\\"95a1993a-00a7-475e-aa30-8a7b662c12a5\\\"] )|Select(WELLNESS__Participant_Name).as([Participant_Name])|Collect(-1);\",\"defaultValue\":\"\",\"config\":{\"table\":\"WELLNESS\",\"app\":{\"value\":\"95a1993a-00a7-475e-aa30-8a7b662c12a5\"}},\"dependsOn\":[],\"required\":true,\"autoPopulate\":false,\"useFullList\":true},\"Minutes_Exercised\":{\"name\":\"Minutes_Exercised\",\"options\":[],\"pixel\":\"Database( database=[\\\"95a1993a-00a7-475e-aa30-8a7b662c12a5\\\"] )|Select(WELLNESS__Minutes_Exercised).as([Minutes_Exercised])|Collect(-1);\",\"defaultValue\":\"\",\"config\":{\"table\":\"WELLNESS\",\"app\":{\"value\":\"95a1993a-00a7-475e-aa30-8a7b662c12a5\"}},\"dependsOn\":[],\"required\":true,\"autoPopulate\":false,\"useFullList\":true},\"Steps\":{\"name\":\"Steps\",\"options\":[],\"pixel\":\"Database( database=[\\\"95a1993a-00a7-475e-aa30-8a7b662c12a5\\\"] )|Select(WELLNESS__Steps).as([Steps])|Collect(-1);\",\"defaultValue\":\"\",\"config\":{\"table\":\"WELLNESS\",\"app\":{\"value\":\"95a1993a-00a7-475e-aa30-8a7b662c12a5\"}},\"dependsOn\":[],\"required\":true,\"autoPopulate\":false,\"useFullList\":true},\"WELLNESS_UNIQUE_ROW_ID\":{\"name\":\"WELLNESS_UNIQUE_ROW_ID\",\"options\":[],\"pixel\":\"Database( database=[\\\"95a1993a-00a7-475e-aa30-8a7b662c12a5\\\"] )|Select(WELLNESS__WELLNESS_UNIQUE_ROW_ID).as([WELLNESS_UNIQUE_ROW_ID])|Collect(-1);\",\"defaultValue\":\"\",\"config\":{\"table\":\"WELLNESS\",\"app\":{\"value\":\"95a1993a-00a7-475e-aa30-8a7b662c12a5\"}},\"dependsOn\":[],\"required\":true,\"autoPopulate\":false,\"useFullList\":true},\"Water_Consumed_Oz\":{\"name\":\"Water_Consumed_Oz\",\"options\":[],\"pixel\":\"Database( database=[\\\"95a1993a-00a7-475e-aa30-8a7b662c12a5\\\"] )|Select(WELLNESS__Water_Consumed_Oz).as([Water_Consumed_Oz])|Collect(-1);\",\"defaultValue\":\"\",\"config\":{\"table\":\"WELLNESS\",\"app\":{\"value\":\"95a1993a-00a7-475e-aa30-8a7b662c12a5\"}},\"dependsOn\":[],\"required\":true,\"autoPopulate\":false,\"useFullList\":true},\"Date\":{\"name\":\"Date\",\"options\":[],\"pixel\":\"Database( database=[\\\"95a1993a-00a7-475e-aa30-8a7b662c12a5\\\"] )|Select(WELLNESS__Date).as([Date])|Collect(-1);\",\"defaultValue\":\"\",\"config\":{\"table\":\"WELLNESS\",\"app\":{\"value\":\"95a1993a-00a7-475e-aa30-8a7b662c12a5\"}},\"dependsOn\":[],\"required\":true,\"autoPopulate\":false,\"useFullList\":true}},\"config\":{\"background\":{\"background-image\":\"\",\"background-size\":\"\",\"background-position\":\"\",\"background-color\":\"\",\"background-repeat\":\"\"}},\"id\":\"457594\"}}</encode>\" ) ;"]}